INSERT INTO `t_building`
  (`f_id`, `f_address`, `f_latitude`, `f_longitude`)
VALUES
  (1, 'ул. Ленина, 1', 100, 100),
  (2, 'ул. Ленина, 2', 100, 101),
  (3, 'ул. Ленина, 3', 100, 103),
  (4, 'ул. К. Маркса, 1', 200, 100),
  (5, 'ул. К. Маркса, 2', 200, 101),
  (6, 'ул. К. Маркса, 3', 200, 103);
  (7, 'ул. Спортивная, 10', 200, 200);

-- Еда
--     Полуфабрикаты
--         Оптом
--         Розница
--     Мясная продукция
--     Рестораны
-- Машины
--     Грузовые
--     Легковые
--         Запчасти для подвески
--             Новые
--             Б/у
--         Шины/диски
-- Спорт
--     Лыжи
--     Велосипеды

INSERT INTO `t_rubric`
  (`f_id`, `f_parent_id`, `f_name`)
VALUES
  (1, null, 'Еда'),
  (2, null, 'Машины'),
  (3, null, 'Спорт'),
  (4, 1, 'Полуфабрикаты'),
  (5, 1, 'Мясная продукция'),
  (6, 1, 'Рестораны'),
  (7, 2, 'Грузовые'),
  (8, 2, 'Легковые'),
  (9, 3, 'Лыжи'),
  (10, 3, 'Велосипеды'),
  (11, 4, 'Оптом'),
  (12, 4, 'Розница'),
  (13, 8, 'Запчасти для подвески'),
  (14, 8, 'Шины/диски'),
  (15, 13, 'Новые'),
  (16, 13, 'Б/у');

INSERT INTO `t_rubric_global`
  (`f_parent_id`, `f_rubric_id`)
VALUES
  (1, 4),
  (1, 5),
  (1, 6),
  (1, 11),
  (1, 12),
  (4, 11),
  (4, 12),
  (2, 7),
  (2, 8),
  (2, 13),
  (2, 14),
  (2, 15),
  (2, 16),
  (8, 13),
  (8, 14),
  (8, 15),
  (8, 16),
  (13, 14),
  (13, 15),
  (3, 9),
  (3, 10);

INSERT INTO `t_company`
  (`f_id`, `f_name`)
VALUES
  (1, 'Рога и копыта'),
  (2, 'Тачки'),
  (3, 'АЗС №2'),
  (4, 'Берлин'),
  (5, 'Москва'),
  (6, 'Морепродукты'),
  (7, 'Устрицы'),
  (8, 'СпотрМартес'),
  (9, 'Winter'),
  (10, 'S&M'),
  (11, 'Москва спортивная');

INSERT INTO `t_company_address`
  (`f_company_id`, `f_building_id`)
VALUES
  (1, 1),
  (7, 1),
  (8, 1),
  (11, 1),
  (2, 2),
  (3, 3),
  (4, 5),
  (5, 5),
  (10, 5),
  (6, 6),
  (7, 6),
  (9, 7);

INSERT INTO `t_company_rubric`
  (`f_company_id`, `f_rubric_id`)
VALUES
  (1, 4),
  (1, 5),
  (2, 7),
  (2, 8),
  (4, 6),
  (5, 6),
  (6, 4),
  (7, 4),
  (8, 3),
  (8, 9),
  (9, 9),
  (10, 9),
  (11, 3);
